{
	"info": {
		"_postman_id": "1e403f34-d4b3-413b-b893-09fb17677bb1",
		"name": "Trivia and Auth",
		"schema": "https://schema.getpostman.com/json/collection/v2.1.0/collection.json"
	},
	"item": [
		{
			"name": "/api/login",
			"event": [
				{
					"listen": "test",
					"script": {
						"exec": [
							"var jsonData = JSON.parse(responseBody);",
							"postman.setEnvironmentVariable(\"token\", jsonData.token);"
						],
						"type": "text/javascript"
					}
				}
			],
			"request": {
				"method": "POST",
				"header": [],
				"body": {
					"mode": "urlencoded",
					"urlencoded": [
						{
							"key": "email",
							"value": "a@a.com",
							"type": "text"
						},
						{
							"key": "password",
							"value": "test123",
							"type": "text"
						}
					]
				},
				"url": {
					"raw": "https://www.theappsdr.com/api/login",
					"protocol": "https",
					"host": [
						"www",
						"theappsdr",
						"com"
					],
					"path": [
						"api",
						"login"
					]
				}
			},
			"response": []
		},
		{
			"name": "/api/signup",
			"request": {
				"method": "POST",
				"header": [],
				"body": {
					"mode": "urlencoded",
					"urlencoded": [
						{
							"key": "email",
							"value": "x@x.com",
							"type": "text"
						},
						{
							"key": "password",
							"value": "123456",
							"type": "text"
						},
						{
							"key": "fname",
							"value": "Alice",
							"type": "text"
						},
						{
							"key": "lname",
							"value": "Smith",
							"type": "text"
						}
					]
				},
				"url": {
					"raw": "https://www.theappsdr.com/api/signup",
					"protocol": "https",
					"host": [
						"www",
						"theappsdr",
						"com"
					],
					"path": [
						"api",
						"signup"
					]
				}
			},
			"response": []
		},
		{
			"name": "/api/trivias",
			"request": {
				"method": "GET",
				"header": [
					{
						"key": "Authorization",
						"value": "BEARER eyJ0eXAiOiJKV1QiLCJhbGciOiJIUzI1NiJ9.eyJpYXQiOjE2MTc0MjQ4MjUsImV4cCI6MTY0ODk2MDgyNSwianRpIjoiMkFUZ3N1dFUxVDV4cVZYeHoxRTNlbCIsInVzZXIiOjJ9.TzfzKe9KTFDOdfoSFVhPDU7TH9zwKuGGyQ2Qe1cynV4"
					}
				],
				"url": {
					"raw": "https://www.theappsdr.com/api/trivias",
					"protocol": "https",
					"host": [
						"www",
						"theappsdr",
						"com"
					],
					"path": [
						"api",
						"trivias"
					]
				}
			},
			"response": []
		},
		{
			"name": "/api/trivia/{trivia_id}",
			"request": {
				"method": "GET",
				"header": [
					{
						"key": "Authorization",
						"value": "BEARER eyJ0eXAiOiJKV1QiLCJhbGciOiJIUzI1NiJ9.eyJpYXQiOjE2MTc0MjQ4MjUsImV4cCI6MTY0ODk2MDgyNSwianRpIjoiMkFUZ3N1dFUxVDV4cVZYeHoxRTNlbCIsInVzZXIiOjJ9.TzfzKe9KTFDOdfoSFVhPDU7TH9zwKuGGyQ2Qe1cynV4"
					}
				],
				"url": {
					"raw": "https://www.theappsdr.com/api/trivia/3",
					"protocol": "https",
					"host": [
						"www",
						"theappsdr",
						"com"
					],
					"path": [
						"api",
						"trivia",
						"3"
					]
				}
			},
			"response": []
		},
		{
			"name": "/api/trivia/check-answer",
			"request": {
				"method": "POST",
				"header": [
					{
						"key": "Authorization",
						"value": "BEARER eyJ0eXAiOiJKV1QiLCJhbGciOiJIUzI1NiJ9.eyJpYXQiOjE2MTc0MjQ4MjUsImV4cCI6MTY0ODk2MDgyNSwianRpIjoiMkFUZ3N1dFUxVDV4cVZYeHoxRTNlbCIsInVzZXIiOjJ9.TzfzKe9KTFDOdfoSFVhPDU7TH9zwKuGGyQ2Qe1cynV4"
					}
				],
				"body": {
					"mode": "urlencoded",
					"urlencoded": [
						{
							"key": "question_id",
							"value": "1",
							"type": "text"
						},
						{
							"key": "answer_id",
							"value": "4",
							"type": "text"
						}
					]
				},
				"url": {
					"raw": "https://www.theappsdr.com/api/trivia/check-answer",
					"protocol": "https",
					"host": [
						"www",
						"theappsdr",
						"com"
					],
					"path": [
						"api",
						"trivia",
						"check-answer"
					]
				}
			},
			"response": []
		}
	],
	"event": [
		{
			"listen": "prerequest",
			"script": {
				"type": "text/javascript",
				"exec": [
					""
				]
			}
		},
		{
			"listen": "test",
			"script": {
				"type": "text/javascript",
				"exec": [
					""
				]
			}
		}
	]
}